{"count":1,"self":340.87022079999997,"total":377.27473699999996,"children":{"InitializeActuators":{"count":60,"self":0.002946,"total":0.002946,"children":null},"InitializeSensors":{"count":60,"self":0.0014609999999999998,"total":0.0014609999999999998,"children":null},"AgentSendState":{"count":18801,"self":1.459541,"total":11.424026999999999,"children":{"CollectObservations":{"count":112860,"self":6.9094599999999993,"total":6.942626,"children":{"AgentInfo.ToProto":{"count":2181,"self":0.014528,"total":0.033166,"children":{"GenerateSensorData":{"count":2181,"self":0.018638,"total":0.018638,"children":null}}}}},"CollectDiscreteActionMasks":{"count":112860,"self":0.23521399999999998,"total":0.23521399999999998,"children":null},"RequestDecision":{"count":112860,"self":0.932394,"total":2.7866459999999997,"children":{"AgentInfo.ToProto":{"count":112860,"self":0.52488499999999993,"total":1.854252,"children":{"GenerateSensorData":{"count":112860,"self":1.329367,"total":1.329367,"children":null}}}}}}},"DecideAction":{"count":18801,"self":20.752655999999998,"total":20.752655999999998,"children":null},"AgentAct":{"count":18801,"self":4.2226408,"total":4.2226409999999994,"children":null}},"gauges":{"Turtlebot.CumulativeReward":{"count":2181,"max":1,"min":0,"runningAverage":0.0664832,"value":0,"weightedAverage":0.18750447}},"metadata":{"timer_format_version":"0.1.0","start_time_seconds":"1609821826","unity_version":"2019.4.15f1","command_line_arguments":"\/home\/kist\/unity\/2019.4.15f1\/Editor\/Unity -projectpath \/home\/kist\/wheel\/unity\/Wheel -useHub -hubIPC -cloudEnvironment production -hubSessionId 4dc3d9c0-4eff-11eb-bcdd-efbd256c8d1f -accessToken ZbyguP0gDMML6qOjmQbnZr6shpTN2fcxWtHP7_Whuuw00df","communication_protocol_version":"1.2.0","com.unity.ml-agents_version":"1.5.0-preview","scene_name":"GridWorld","end_time_seconds":"1609822203"}}