{"count":1,"self":31.622864,"total":35.635434,"children":{"InitializeActuators":{"count":60,"self":0.002911,"total":0.002911,"children":null},"InitializeSensors":{"count":60,"self":0.0016539999999999999,"total":0.0016539999999999999,"children":null},"AgentSendState":{"count":1702,"self":0.155968,"total":1.2692539999999999,"children":{"CollectObservations":{"count":10260,"self":0.77860599999999991,"total":0.785326,"children":{"AgentInfo.ToProto":{"count":202,"self":0.002191,"total":0.0067199999999999994,"children":{"GenerateSensorData":{"count":202,"self":0.004529,"total":0.004529,"children":null}}}}},"CollectDiscreteActionMasks":{"count":10260,"self":0.024336999999999998,"total":0.024336999999999998,"children":null},"RequestDecision":{"count":10260,"self":0.102959,"total":0.303623,"children":{"AgentInfo.ToProto":{"count":10260,"self":0.056258999999999997,"total":0.20066399999999998,"children":{"GenerateSensorData":{"count":10260,"self":0.144405,"total":0.144405,"children":null}}}}}}},"DecideAction":{"count":1702,"self":2.329207,"total":2.329207,"children":null},"AgentAct":{"count":1702,"self":0.40865399999999996,"total":0.40865399999999996,"children":null}},"gauges":{"Turtlebot.CumulativeReward":{"count":202,"max":1,"min":0,"runningAverage":0.06435642,"value":1,"weightedAverage":0.250367939}},"metadata":{"timer_format_version":"0.1.0","start_time_seconds":"1608881289","unity_version":"2019.4.15f1","command_line_arguments":"\/home\/kist\/unity\/2019.4.15f1\/Editor\/Unity -projectpath \/home\/kist\/wheel\/unity\/Wheel -useHub -hubIPC -cloudEnvironment production -hubSessionId 20678190-467e-11eb-b44e-6b222865731f","communication_protocol_version":"1.2.0","com.unity.ml-agents_version":"1.5.0-preview","scene_name":"GridWorld","end_time_seconds":"1608881324"}}