{"count":1,"self":52.0838912,"total":61.221782,"children":{"InitializeActuators":{"count":10,"self":0.0014479999999999999,"total":0.0014479999999999999,"children":null},"InitializeSensors":{"count":10,"self":0.00075099999999999993,"total":0.00075099999999999993,"children":null},"AgentSendState":{"count":3041,"self":0.060828,"total":3.2638059999999998,"children":{"CollectObservations":{"count":3050,"self":2.914263,"total":2.922352,"children":{"AgentInfo.ToProto":{"count":84,"self":0.001284,"total":0.008088999999999999,"children":{"GenerateSensorData":{"count":84,"self":0.0068049999999999994,"total":0.0068049999999999994,"children":null}}}}},"CollectDiscreteActionMasks":{"count":3050,"self":0.006868,"total":0.006868,"children":null},"RequestDecision":{"count":3050,"self":0.033762,"total":0.273758,"children":{"AgentInfo.ToProto":{"count":3050,"self":0.01619,"total":0.239996,"children":{"GenerateSensorData":{"count":3050,"self":0.22380599999999998,"total":0.22380599999999998,"children":null}}}}}}},"DecideAction":{"count":3041,"self":5.7056499999999994,"total":5.7056499999999994,"children":null},"AgentAct":{"count":3041,"self":0.16544,"total":0.16544,"children":null}},"gauges":{"Turtlebot.CumulativeReward":{"count":84,"max":1,"min":0,"runningAverage":0.0119047621,"value":0,"weightedAverage":0.10546875}},"metadata":{"timer_format_version":"0.1.0","start_time_seconds":"1607315221","unity_version":"2019.4.15f1","command_line_arguments":"\/home\/kist\/unity\/2019.4.15f1\/Editor\/Unity -projectpath \/home\/kist\/wheel\/unity\/Wheel -useHub -hubIPC -cloudEnvironment production -hubSessionId 10b40350-3692-11eb-a1b5-399a9d82c7c8 -accessToken JbKj6bVCyLYxF1KLcAt_z9bEL7fquSwe7DioX4CIRRc00df","communication_protocol_version":"1.2.0","com.unity.ml-agents_version":"1.5.0-preview","scene_name":"GridWorld","end_time_seconds":"1607315282"}}