{"count":1,"self":821.8863616,"total":909.65952699999991,"children":{"InitializeActuators":{"count":60,"self":0.0022329999999999997,"total":0.0022329999999999997,"children":null},"InitializeSensors":{"count":60,"self":0.0012,"total":0.0012,"children":null},"AgentSendState":{"count":45431,"self":3.5888207999999997,"total":26.567745,"children":{"CollectObservations":{"count":272640,"self":16.1734816,"total":16.221966,"children":{"AgentInfo.ToProto":{"count":3249,"self":0.021995999999999998,"total":0.048484,"children":{"GenerateSensorData":{"count":3249,"self":0.026487999999999998,"total":0.026487999999999998,"children":null}}}}},"CollectDiscreteActionMasks":{"count":272640,"self":0.53921999999999992,"total":0.53921999999999992,"children":null},"RequestDecision":{"count":272640,"self":2.2929299999999997,"total":6.217738,"children":{"AgentInfo.ToProto":{"count":272640,"self":1.287464,"total":3.9248079999999996,"children":{"GenerateSensorData":{"count":272640,"self":2.6373439999999997,"total":2.6373439999999997,"children":null}}}}}}},"DecideAction":{"count":45431,"self":51.287168,"total":51.287169,"children":null},"AgentAct":{"count":45431,"self":9.9140032,"total":9.914003,"children":null}},"gauges":{"Turtlebot.CumulativeReward":{"count":3249,"max":1,"min":0,"runningAverage":0.06494304,"value":0,"weightedAverage":0.189379245}},"metadata":{"timer_format_version":"0.1.0","start_time_seconds":"1607498594","unity_version":"2019.4.15f1","command_line_arguments":"\/home\/kist\/unity\/2019.4.15f1\/Editor\/Unity -projectpath \/home\/kist\/wheel\/unity\/Wheel -useHub -hubIPC -cloudEnvironment production -hubSessionId acae22a0-39b1-11eb-ab4c-9d03d1459907 -accessToken zjWjHCbb9TnxKg2veplgXzaKemx-DNTvR1XuHsv4BKY00df","communication_protocol_version":"1.2.0","com.unity.ml-agents_version":"1.5.0-preview","scene_name":"GridWorld","end_time_seconds":"1607499504"}}