{"cameraMode":{"drawMode":0,"name":"Shaded","section":"Shading Mode"},"sceneLighting":true,"audioPlay":false,"sceneViewState":{"showFog":false,"showMaterialUpdate":false,"showSkybox":true,"showFlares":false,"showImageEffects":false,"showParticleSystems":false},"in2DMode":false,"pivot":{"x":0.36089015007019045,"y":-0.18229228258132935,"z":0.25496041774749758},"rotation":{"x":0.12716402113437653,"y":-0.5884165167808533,"z":0.094336599111557,"w":0.7929420471191406},"size":1.4590766429901124,"orthographic":false}