{"cameraMode":{"drawMode":0,"name":"Shaded","section":"Shading Mode"},"sceneLighting":false,"audioPlay":false,"sceneViewState":{"showFog":false,"showMaterialUpdate":false,"showSkybox":false,"showFlares":false,"showImageEffects":false,"showParticleSystems":false},"in2DMode":false,"pivot":{"x":9.685754776000977e-8,"y":0.09943875670433045,"z":-0.07750006765127182},"rotation":{"x":0.40351852774620058,"y":-0.02415682002902031,"z":0.010646458715200425,"w":0.9146224856376648},"size":0.2570009231567383,"orthographic":false}