{"cameraMode":{"drawMode":0,"name":"Shaded","section":"Shading Mode"},"sceneLighting":true,"audioPlay":false,"sceneViewState":{"showFog":false,"showMaterialUpdate":false,"showSkybox":true,"showFlares":false,"showImageEffects":false,"showParticleSystems":false},"in2DMode":false,"pivot":{"x":0.025458455085754396,"y":0.08082875609397888,"z":-0.06900173425674439},"rotation":{"x":0.24485814571380616,"y":-0.5455394387245178,"z":0.1705380529165268,"w":0.7832039594650269},"size":3.5590760707855226,"orthographic":false}