{"cameraMode":{"drawMode":0,"name":"Shaded","section":"Shading Mode"},"sceneLighting":true,"audioPlay":false,"sceneViewState":{"showFog":false,"showMaterialUpdate":false,"showSkybox":true,"showFlares":false,"showImageEffects":false,"showParticleSystems":false},"in2DMode":false,"pivot":{"x":0.0,"y":0.09943875670433045,"z":-0.07750000804662705},"rotation":{"x":0.30074238777160647,"y":-0.05517762154340744,"z":0.01743203029036522,"w":0.9519491791725159},"size":0.5936836004257202,"orthographic":false}