{"cameraMode":{"drawMode":0,"name":"Shaded","section":"Shading Mode"},"sceneLighting":true,"audioPlay":false,"sceneViewState":{"showFog":false,"showMaterialUpdate":false,"showSkybox":true,"showFlares":false,"showImageEffects":false,"showParticleSystems":false},"in2DMode":false,"pivot":{"x":0.23166753351688386,"y":-1.8550357818603516,"z":-0.2912987470626831},"rotation":{"x":0.6694948077201843,"y":0.0004373030096758157,"z":-0.00040925893699750304,"w":0.7428594827651978},"size":6.8590779304504398,"orthographic":false}