{"cameraMode":{"drawMode":0,"name":"Shaded","section":"Shading Mode"},"sceneLighting":true,"audioPlay":false,"sceneViewState":{"showFog":false,"showMaterialUpdate":false,"showSkybox":true,"showFlares":false,"showImageEffects":false,"showParticleSystems":false},"in2DMode":false,"pivot":{"x":1.1121671199798585,"y":-2.415705680847168,"z":0.6214306354522705},"rotation":{"x":0.6274002194404602,"y":-0.09231984615325928,"z":0.07526861131191254,"w":0.7695342302322388},"size":7.181051731109619,"orthographic":false}