{"cameraMode":{"drawMode":0,"name":"Shaded","section":"Shading Mode"},"sceneLighting":false,"audioPlay":false,"sceneViewState":{"showFog":false,"showMaterialUpdate":false,"showSkybox":false,"showFlares":false,"showImageEffects":false,"showParticleSystems":false},"in2DMode":false,"pivot":{"x":1.0058283805847168e-7,"y":0.09543875604867935,"z":-0.03199999779462814},"rotation":{"x":0.25890985131263735,"y":-0.35446029901504519,"z":0.1028137281537056,"w":0.8926195502281189},"size":0.1637134850025177,"orthographic":false}