{"cameraMode":{"drawMode":0,"name":"Shaded","section":"Shading Mode"},"sceneLighting":true,"audioPlay":false,"sceneViewState":{"showFog":false,"showMaterialUpdate":false,"showSkybox":true,"showFlares":false,"showImageEffects":false,"showParticleSystems":false},"in2DMode":false,"pivot":{"x":8.290013313293457,"y":-0.9865423440933228,"z":0.22440743446350099},"rotation":{"x":0.19786436855793,"y":-0.055250152945518497,"z":0.011171148158609867,"w":0.9786080718040466},"size":2.0435540676116945,"orthographic":false}