{"cameraMode":{"drawMode":0,"name":"Shaded","section":"Shading Mode"},"sceneLighting":false,"audioPlay":false,"sceneViewState":{"showFog":false,"showMaterialUpdate":false,"showSkybox":false,"showFlares":false,"showImageEffects":false,"showParticleSystems":false},"in2DMode":false,"pivot":{"x":-0.1314244270324707,"y":-0.16882213950157166,"z":0.5110470056533814},"rotation":{"x":0.16522084176540376,"y":-0.19911634922027589,"z":0.03405700996518135,"w":0.9653794169425964},"size":0.557000994682312,"orthographic":false}