{"cameraMode":{"drawMode":0,"name":"Shaded","section":"Shading Mode"},"sceneLighting":true,"audioPlay":false,"sceneViewState":{"showFog":false,"showMaterialUpdate":false,"showSkybox":true,"showFlares":false,"showImageEffects":false,"showParticleSystems":false},"in2DMode":false,"pivot":{"x":0.5538219809532166,"y":0.0994274839758873,"z":-0.04822813719511032},"rotation":{"x":0.40351852774620058,"y":-0.02415682002902031,"z":0.010646458715200425,"w":0.9146224856376648},"size":0.5590763092041016,"orthographic":false}