{"cameraMode":{"drawMode":0,"name":"Shaded","section":"Shading Mode"},"sceneLighting":true,"audioPlay":false,"sceneViewState":{"showFog":false,"showMaterialUpdate":false,"showSkybox":true,"showFlares":false,"showImageEffects":false,"showParticleSystems":false},"in2DMode":false,"pivot":{"x":-0.022276699542999269,"y":0.1501789093017578,"z":-0.05952996015548706},"rotation":{"x":0.24485814571380616,"y":-0.5455394387245178,"z":0.1705380529165268,"w":0.7832039594650269},"size":0.2590762972831726,"orthographic":false}