{"cameraMode":{"drawMode":0,"name":"Shaded","section":"Shading Mode"},"sceneLighting":true,"audioPlay":false,"sceneViewState":{"showFog":false,"showMaterialUpdate":false,"showSkybox":true,"showFlares":false,"showImageEffects":false,"showParticleSystems":false},"in2DMode":false,"pivot":{"x":5.602818489074707,"y":-2.727635383605957,"z":0.15335917472839356},"rotation":{"x":0.6274002194404602,"y":-0.09231984615325928,"z":0.07526861131191254,"w":0.7695342302322388},"size":7.181051731109619,"orthographic":false}